Product name,Color Grade,COLOR,material,Gemstone Style,Main Stone,Side Stone,Plating,Product Dimention,Size,Carat weight,Price(USD),Website Link,Image Link
Square Shaped Moissanite Ring S925 0.5/1.0/2.0 CT - Emerald Cut - Lore Jewelry,D (Colorless stone),,Sterling Silver 925,Moissanite,Moissanite,Moissanite,,"Weight: +- 2gr
Volume: +- 2cm x 2cm x 2cm",Adjustable,0.5/1.0/2.0 CT,"0.5 : $71
1.0 : $87.00
2.0 :-54% $138.00 $300
",https://vm.tiktok.com/ZP9jhbwyv5XbE-mpKde/,https://p16-oec-general-useast5.ttcdn-us.com/tos-useast5-i-omjb5zjo8w-tx/b668b6e0a32644229ffe1c5378b27d7b~tplv-fhlh96nyum-crop-webp:800:800.webp?dr=12190&t=555f072d&ps=933b5bde&shp=8dbd94bf&shcp=607f11de&idc=useast5&from=2378011839
Mae Silver Moissanite Ring S925 0.5/ 1.0 CT - Round Cut - Lore Jewelry,D (Colorless stone),,Sterling Silver 925,Moissanite,Moissanite,Moissanite,,"Weight: +- 2gr
Volume: +- 2cm x 2cm x 2cm",Adjustable,0.5/1.0 CT,"0.5 : -48% $31.00 $60.00
1.0 : $45.00",https://vm.tiktok.com/ZP9jhbEo5pAhR-JBAnR/,https://p16-oec-general-useast5.ttcdn-us.com/tos-useast5-i-omjb5zjo8w-tx/4a0facf349234b79805837c50a4a8b86~tplv-fhlh96nyum-crop-webp:1024:1024.webp?dr=12190&t=555f072d&ps=933b5bde&shp=8dbd94bf&shcp=607f11de&idc=useast5&from=2378011839
Twin Stars Moissanite Ring S925 0.01 CT - Round Cut - Lore Jewelry,D (Colorless stone),,Sterling Silver 925,Moissanite,Moissanite,Moissanite,,Weight: +-2gr,Adjustable,0.01 CT,-51% $51.00 $105.00,https://vm.tiktok.com/ZP9jhg19T9qrn-8xj7Z/,https://p16-oec-general-useast5.ttcdn-us.com/tos-useast5-i-omjb5zjo8w-tx/7604471473e94af98c6fc985e79c18c2~tplv-fhlh96nyum-crop-webp:800:800.webp?dr=12190&t=555f072d&ps=933b5bde&shp=8dbd94bf&shcp=607f11de&idc=useast5&from=2378011839
Britney Moissanite Ring S925 0.5/1.0 CT - Round Cut - Lore Jewelry,D (Colorless stone),,Sterling Silver 925,Moissanite,Moissanite,Moissanite,,"Weight: +- 2gr
Volume: +- 2cm x 2cm x 2cm",Adjustable,0.5/1.0 CT,"0.5 : $51.00
1.0: $69.00",https://vm.tiktok.com/ZP9jhgJt9UKCx-4JEPi/,https://p16-oec-general-useast5.ttcdn-us.com/tos-useast5-i-omjb5zjo8w-tx/bcdba79dbf354456aac58dd2bac820d7~tplv-fhlh96nyum-crop-webp:1024:1024.webp?dr=12190&t=555f072d&ps=933b5bde&shp=8dbd94bf&shcp=607f11de&idc=useast5&from=2378011839
Florence Moissanite Ring S925 0.5/1.0 CT - Round Cut - Lore Jewelry,D (Colorless stone),,Sterling Silver 925,,Moissanite,Moissanite,,"Weight: +- 2gr
Volume: +- 2cm x 2cm x 2cm",Adjustable,0.5/1.0 CT,"0.5 : $51.00
1.0 : -53% $71.00 $150.00",https://vm.tiktok.com/ZP9jhgd3WM51e-ICQxI/,https://p16-oec-general-useast5.ttcdn-us.com/tos-useast5-i-omjb5zjo8w-tx/b1187ad6312b4757b79fde3743232b60~tplv-fhlh96nyum-crop-webp:1024:1024.webp?dr=12190&t=555f072d&ps=933b5bde&shp=8dbd94bf&shcp=607f11de&idc=useast5&from=2378011839
Star Light Moissanite Ring S925 0.5 / 1.0 CT - Round Cut - Lore Jewelry, D (Colorless stone),,Sterling Silver 925,Moissanite,Moissanite,Moissanite,,Weight: +-2gr,"5,6,,8,9",0.5/1.0 CT,"0.5 : $38.00
1.0 : $69.00",https://vm.tiktok.com/ZP9jhgLFUF4sF-KQYau/,https://p16-oec-general-useast5.ttcdn-us.com/tos-useast5-i-omjb5zjo8w-tx/abdc822ecb5140378208d1694eaa5b09~tplv-fhlh96nyum-crop-webp:800:800.webp?dr=12190&t=555f072d&ps=933b5bde&shp=8dbd94bf&shcp=607f11de&idc=useast5&from=2378011839
Bling Star Moissanite Ring S925 0.5/1.0/2.0 CT - Round Cut - Lore Jewelry,D (Colorless stone),,Sterling Silver 925,Moissanite,Moissanite,Moissanite,,"Weight: +- 2gr
Volume: +- 2cm x 2cm x 2cm",Adjustable,0.5/1.0/2.0 CT,"0.5 : $44.00
1.0 : $64.00
2.0 : $83.00 ",https://vm.tiktok.com/ZP9jhgF2CMLUo-E8ZkZ/,https://p16-oec-general-useast5.ttcdn-us.com/tos-useast5-i-omjb5zjo8w-tx/a64cfcd0777c4d09b8d483dcc5f9dfb7~tplv-fhlh96nyum-crop-webp:800:800.webp?dr=12190&t=555f072d&ps=933b5bde&shp=8dbd94bf&shcp=607f11de&idc=useast5&from=2378011839
Sophia Luxury Moissanite Ring S925 0.5/1.0/2.0 CT - Round Cut - Lore Jewelry,D (Colorless stone),,Sterling Silver 925,Moissanite,Moissanite,Moissanite,,"Weight: +- 2gr
Volume: +- 2cm x 2cm x 2cm",Adjustable,0.5/1.0/2.0 CT,"0.5 : $51.00
1.0: $91.00
2.0: $118.00",https://vm.tiktok.com/ZP9jhgjDREVMk-D8VEa/,https://p16-oec-general-useast5.ttcdn-us.com/tos-useast5-i-omjb5zjo8w-tx/960a160c5e1149bbb955eb5432938d2d~tplv-fhlh96nyum-crop-webp:1024:1024.webp?dr=12190&t=555f072d&ps=933b5bde&shp=8dbd94bf&shcp=607f11de&idc=useast5&from=2378011839
"Crescent Star Moissanite Ring S925 0.5 CT - Round Cut - Lore Jewelry
",D (Colorless stone),,Sterling Silver 925,Moissanite,Moissanite,Moissanite,,"Weight: +-2gr",Adjustable,0.5 CT,51% $51.00 $105.00,https://vm.tiktok.com/ZP9jhg6GHo7oQ-uOTPW/,https://p16-oec-general-useast5.ttcdn-us.com/tos-useast5-i-omjb5zjo8w-tx/321ff2c52c6548edb53fc84173c87c5e~tplv-fhlh96nyum-crop-webp:1024:1024.webp?dr=12190&t=555f072d&ps=933b5bde&shp=8dbd94bf&shcp=607f11de&idc=useast5&from=2378011839
"Flower Luxury Moissanite Ring Silver S925 0.5/1.0/2.0 CT - Round Cut - Lore Jewelry",D (Colorless stone),,Sterling Silver 925,Moissanite,Moissanite,Moissanite,,"Weight: +- 2gr
Volume: +- 2cm x 2cm x 2cm",Adjustable,0.5/1.0/2.0 CT,"0.5 : $ 45.00
1.0 : -52% $64.00 $134.00
 2.0 : $88.00",https://vm.tiktok.com/ZP9jhgru4W3fd-eNOW3/,https://p16-oec-general-useast5.ttcdn-us.com/tos-useast5-i-omjb5zjo8w-tx/abfd8f1033bd4a53af7bacb4d0349c85~tplv-fhlh96nyum-crop-webp:1024:1024.webp?dr=12190&t=555f072d&ps=933b5bde&shp=8dbd94bf&shcp=607f11de&idc=useast5&from=2378011839
"Kailee Flower Moissanite Ring S925 0.5/1.0 CT- Round Cut - Lore Jewelry
",D (Colorless stone),,Sterling Silver 925,Moissanite,Moissanite,Moissanite,,"Weight: +- 2gr
Volume: +- 2cm x 2cm x 2cm","Adjustable, 4.5, 5, 6.5", 0.5/1.0 CT,"0.5 : $49.00
1.0 : $88.00",https://vm.tiktok.com/ZP9jhgknjoRp1-J2MHn/,https://p16-oec-general-useast5.ttcdn-us.com/tos-useast5-i-omjb5zjo8w-tx/40e5249c377846daa887fa5689830851~tplv-fhlh96nyum-crop-webp:1024:1024.webp?dr=12190&t=555f072d&ps=933b5bde&shp=8dbd94bf&shcp=607f11de&idc=useast5&from=2378011839
"Silver Classic Moissanite Ring 0.52 CT - Round Cut - Lore Jewelry",D (Colorless stone),, Sterling Silver 925,Moissanite,Moissanite,Moissanite,,"Weight: +- 2gr
Volume: +- 2cm x 2cm x 2cm","4,5,6,7,,8,9",0.52 CT,"Size 4,6,7,9 : $36.00
Size 5&8 : -52% $36.00 $75.00",https://vm.tiktok.com/ZP9jhgk3CBBjQ-JPuuP/,https://p16-oec-general-useast5.ttcdn-us.com/tos-useast5-i-omjb5zjo8w-tx/337ce93c0474413ab35b6b2281a1c4a2~tplv-fhlh96nyum-crop-webp:800:800.webp?dr=12190&t=555f072d&ps=933b5bde&shp=8dbd94bf&shcp=607f11de&idc=useast5&from=2378011839
Bling Fuji Moissanite Ring S925 0.5/1.0/2.0 CT - Round Cut - Lore Jewelry,D (Colorless stone),,Sterling Silver 925,Moissanite,Moissanite,Moissanite,,"Weight: +- 2gr
Volume: +- 2cm x 2cm x 2cm",Adjustable,0.5/1.0/2.0 CT,"0.5 : $45.00
1.0 : -52% $61.00 $128.00
2.0 : $111.00",https://vm.tiktok.com/ZP9jhgANBbbuk-8pEsk/,https://p16-oec-general-useast5.ttcdn-us.com/tos-useast5-i-omjb5zjo8w-tx/f668099f45954d7a89495b1d6348ff75~tplv-fhlh96nyum-crop-webp:800:800.webp?dr=12190&t=555f072d&ps=933b5bde&shp=8dbd94bf&shcp=607f11de&idc=useast5&from=2378011839
Sparkly Flower Elegant Moissanite Ring S925 0.5/1.0 CT - Round Cut - Lore Jewelry,D (Colorless stone),,Sterling Silver 925,Moissanite,Moissanite,Moissanite,,"Weight: +- 2gr
Volume: +- 2cm x 2cm x 2cm","Adjustable,6",0.5/ 1.0 CT,"0.5 : -51% $51.00 $105.00
1.0 : $78.00",https://vm.tiktok.com/ZP9jhgyUnqnbh-i01ST/,https://p16-oec-general-useast5.ttcdn-us.com/tos-useast5-i-omjb5zjo8w-tx/8d7287f5e30f4615a833ea96c2981226~tplv-fhlh96nyum-crop-webp:800:800.webp?dr=12190&t=555f072d&ps=933b5bde&shp=8dbd94bf&shcp=607f11de&idc=useast5&from=2378011839
"Sweet Heart Moissanite Ring S925 0.5/1.0/2.0 CT - Heart Cut - Lore Jewelry
",D (Colorless stone),,Sterling Silver 925,Moissanite,Moissanite,Moissanite,,"Weight: +- 2gr
Volume: +- 2cm x 2cm x 2cm",Adjustable,0.5/ 1.0 CT,"0.5 : -52% $65.00 $135.00
1.0 : $85.00",https://vm.tiktok.com/ZP9jhgyj7gSd1-EyN7w/,https://p16-oec-general-useast5.ttcdn-us.com/tos-useast5-i-omjb5zjo8w-tx/b997598d19ed41e293064b4e833724d7~tplv-fhlh96nyum-crop-webp:1024:1024.webp?dr=12190&t=555f072d&ps=933b5bde&shp=8dbd94bf&shcp=607f11de&idc=useast5&from=2378011839
"Claws Square Elegant Moissanite Ring Series S925 0.5/1.0 CT - Round Cut - Lore Jewelry
",D (Colorless stone),"Rainbow Claws, Gray Claws, Lemon Claws,Light Champagne Claws,Pink Claws,Rainbow Red Claws,Garnet Claws,Rainbow Blue Claws,Dark Champagne Claws,Orange Claws,Fanta Claws",Sterling Silver 925,Moissanite,Moissanite,Moissanite,,,,0.5/1.0 CT,"0.5 : $55.00 - $66.00
1.0 : $68.00 - $81.00",https://vm.tiktok.com/ZP9jhgfDHsktW-vG4jb/,https://p16-oec-general-useast5.ttcdn-us.com/tos-useast5-i-omjb5zjo8w-tx/93473f28db6a40c8895308018821666f~tplv-fhlh96nyum-crop-webp:1080:1080.webp?dr=12190&t=555f072d&ps=933b5bde&shp=8dbd94bf&shcp=607f11de&idc=useast5&from=2378011839
"Aurel Silver Moissanite Ring S925 0.5/ 1.0/ 2.0 CT - Round Cut - Lore Jewelry",D (Colorless stone),, Sterling Silver 925,Moissanite,Moissanite,Moissanite,,"Weight: +- 2gr
Volume: +- 2cm x 2cm x 2cm", 4 - 6 & Adjustable,Aurel silver 0.5/1.0/2.0 CT,"0.5 : $60.00
1.0 : $85.00
2.0 : $118.00",https://vm.tiktok.com/ZP9jhguAoGbPo-WWBsp/,https://p19-oec-general-useast5.ttcdn-us.com/tos-useast5-i-omjb5zjo8w-tx/150738cbeb804a9b8ea25789d8919985~tplv-fhlh96nyum-crop-webp:800:800.webp?dr=12190&t=555f072d&ps=933b5bde&shp=8dbd94bf&shcp=607f11de&idc=useast5&from=2378011839
"Danica Flower Moissanite Ring S925 - Round Cut - Lore Jewelry
",D (Colorless stone),,Sterling Silver 925,Moissanite,Moissanite,Moissanite,,"Weight: +- 2gr
Volume: +- 2cm x 2cm x 2cm",Adjustable,0.5/1.0,"0.5 : $58.00
1.0 : -53% $85.00 $180.00",https://vm.tiktok.com/ZP9jhg9J195W9-z9a9x/,https://p19-oec-general-useast5.ttcdn-us.com/tos-useast5-i-omjb5zjo8w-tx/8f72370555c845bba0718ff3ecc8df8d~tplv-fhlh96nyum-crop-webp:1024:1024.webp?dr=12190&t=555f072d&ps=933b5bde&shp=8dbd94bf&shcp=607f11de&idc=useast5&from=2378011839
"Estella Moissanite Ring Silver S925 1.0/2.0 CT - Round Cut - Lore Jewelry
",D (Colorless stone),,Sterling Silver 925,Moissanite,Moissanite,Moissanite,,"Weight: +- 2gr
Volume: +- 2cm x 2cm x 2cm","Adjustable 4,5,6",1.0/2.0 CT,"1.0 : $98.00
2.0 : $125.00",https://vm.tiktok.com/ZP9jhgxnMKvHf-0xNPe/,https://p16-oec-general-useast5.ttcdn-us.com/tos-useast5-i-omjb5zjo8w-tx/dd7f7584dcdf45a79401cd8e93525117~tplv-fhlh96nyum-crop-webp:800:800.webp?dr=12190&t=555f072d&ps=933b5bde&shp=8dbd94bf&shcp=607f11de&idc=useast5&from=2378011839
"Marquise Shaped Moissanite Ring Silver S925 0.5/1.0 CT - Marquise Cut - Lore Jewelry",D (Colorless stone),,Sterling Silver 925,Moissanite,Moissanite,Moissanite,,"Weight: +- 2gr
Volume: +- 2cm x 2cm x 2cm", 4 - 6 & Adjustable, 0.5/ 1.0 CT,"0.5 : $71.00
1.0 : $111.00",https://vm.tiktok.com/ZP9jhgx5DHptN-dDbeH/,https://p19-oec-general-useast5.ttcdn-us.com/tos-useast5-i-omjb5zjo8w-tx/f0a1940c0d6141388155216daa0663d5~tplv-fhlh96nyum-crop-webp:800:800.webp?dr=12190&t=555f072d&ps=933b5bde&shp=8dbd94bf&shcp=607f11de&idc=useast5&from=2378011839
"Swallowtail Moissanite Ring S925 1.0 CT - Round Cut - Lore Jewelry
",D (Colorless stone),,Sterling Silver 925,Moissanite,Moissanite,Moissanite,, Weight: +-2gr,8 & 9, 1.0 CT,-52% $65.00 $135.00,https://vm.tiktok.com/ZP9jhgQXQPK1x-cX9e4/,https://p16-oec-general-useast5.ttcdn-us.com/tos-useast5-i-omjb5zjo8w-tx/030b4fdfe1124b2ba6977ca9fd62fbdf~tplv-fhlh96nyum-crop-webp:1024:1024.webp?dr=12190&t=555f072d&ps=933b5bde&shp=8dbd94bf&shcp=607f11de&idc=useast5&from=2378011839
"Halley Moissanite Ring S925 0.5/1.0/2.0 CT - Emerald Cut - Lore Jewelry
",D (Colorless stone),,Sterling Silver 925,Moissanite,Moissanite,Moissanite,,"Weight: +- 2gr
Volume: +- 2cm x 2cm x 2cm",Adjustable,0.5/1.0/2.0 CT,"0.5 : $71.00
1.0 : $105.00
2.0 : $138.00",https://vm.tiktok.com/ZP9jhgXYbMvVP-J9zQP/,https://p16-oec-general-useast5.ttcdn-us.com/tos-useast5-i-omjb5zjo8w-tx/6fe6e2047e9d4cf582614db5034cd1fc~tplv-fhlh96nyum-crop-webp:1024:1024.webp?dr=12190&t=555f072d&ps=933b5bde&shp=8dbd94bf&shcp=607f11de&idc=useast5&from=2378011839
"Josie Moissanite Ring S925 0.5/1.0/2.0 CT - Oval Cut - Lore Jewelry",D (Colorless stone),,Sterling Silver 925,Moissanite,Moissanite,Moissanite,,"Weight: +- 2gr
Volume: +- 2cm x 2cm x 2cm",Adjustable,0.5/ 1.0/ 2.0 CT,"0.5 : $65.00
1.0 : $85.00
2.0 : -54% $125.00 $300.00",https://vm.tiktok.com/ZP9jhgpY4hVNM-7QkgZ/,https://p16-oec-general-useast5.ttcdn-us.com/tos-useast5-i-omjb5zjo8w-tx/09ac25c4c3d74bd2abddc549edd39bd0~tplv-fhlh96nyum-crop-webp:1024:1024.webp?dr=12190&t=555f072d&ps=933b5bde&shp=8dbd94bf&shcp=607f11de&idc=useast5&from=2378011839
"Adeline Oval Moissanite Ring S925 1.0 CT - Oval Cut - Lore Jewelry",D (Colorless stone),,Sterling Silver 925,Moissanite,Moissanite,Moissanite,,"Weight: +- 2gr
Volume: +- 2cm x 2cm x 2cm",4-6 & Adjustable ,1.0 CT,"Adjustable : -53% $91.00 $195.00
Size 4-6 : $91.00",https://vm.tiktok.com/ZP9jhgpJeaC8a-m2eKX/,https://p16-oec-general-useast5.ttcdn-us.com/tos-useast5-i-omjb5zjo8w-tx/ebde91b93af443489903a0ef8710b14a~tplv-fhlh96nyum-crop-webp:800:800.webp?dr=12190&t=555f072d&ps=933b5bde&shp=8dbd94bf&shcp=607f11de&idc=useast5&from=2378011839
"Catherine Pear Moissanite Ring Silver S925 1.0 CT - Pear Cut - Lore Jewelry",D (Colorless stone),,Sterling Silver 925,Moissanite,Moissanite,Moissanite,,"Weight: +- 2gr
Volume: +- 2cm x 2cm x 2cm",Adjustable,1.0 CT,$91.00,https://vm.tiktok.com/ZP9jhgtS8yGfL-OqvBF/,https://p16-oec-general-useast5.ttcdn-us.com/tos-useast5-i-omjb5zjo8w-tx/c1a8192e45a749f69c9486aaa1910a4a~tplv-fhlh96nyum-crop-webp:1024:1024.webp?dr=12190&t=555f072d&ps=933b5bde&shp=8dbd94bf&shcp=607f11de&idc=useast5&from=2378011839
"Angel Eye Moissanite Ring S925 0.5/1.0/2.0 CT - Oval Cut - Lore Jewelry
",D (Colorless stone),,Sterling Silver 925,Moissanite,Moissanite,Moissanite,,"Weight: +- 2gr
Volume: +- 2cm x 2cm x 2cm",Adjustable,0.5/1.0/2.0 CT,"0.5 : $71.00
1.0 : $91.00
2.0 : $138.00",https://vm.tiktok.com/ZP9jhgWJMkqH6-YeSsk/,https://p16-oec-general-useast5.ttcdn-us.com/tos-useast5-i-omjb5zjo8w-tx/8ec83b3368ad491391039702a8bca3d4~tplv-fhlh96nyum-crop-webp:800:800.webp?dr=12190&t=555f072d&ps=933b5bde&shp=8dbd94bf&shcp=607f11de&idc=useast5&from=2378011839
Angel Eye Moissanite Ring S925 0.5/1.0/2.0 CT - Oval Cut - Lore Jewelry,D (Colorless stone),,Sterling Silver 925,Moissanite,Moissanite,Moissanite,,"Weight: +- 2gr
Volume: +- 2cm x 2cm x 2cm",Adjustable,0.5/1.0/2.0 CT,"0.5 : $71.00
1.0 : $91.00
2.0 : $138.00",https://vm.tiktok.com/ZP9jhg7WXpPDo-kvDbU/,https://p16-oec-general-useast5.ttcdn-us.com/tos-useast5-i-omjb5zjo8w-tx/8ec83b3368ad491391039702a8bca3d4~tplv-fhlh96nyum-crop-webp:800:800.webp?dr=12190&t=555f072d&ps=933b5bde&shp=8dbd94bf&shcp=607f11de&idc=useast5&from=2378011839
Silver Princess Moissanite Ring S925 3.0 CT- Round Cut - Lore Jewelry,D (Colorless stone),,Sterling Silver 925,Moissanite,Moissanite,Moissanite,,Weight: +-2gr,"7, 8, 9 & Adjustable",3.0 CT,$176.00,https://vm.tiktok.com/ZP9jhgWQ7voPg-lpF2s/,https://p16-oec-general-useast5.ttcdn-us.com/tos-useast5-i-omjb5zjo8w-tx/2525ae5b4c4a4c77888934e363679bb1~tplv-fhlh96nyum-crop-webp:1024:1024.webp?dr=12190&t=555f072d&ps=933b5bde&shp=8dbd94bf&shcp=607f11de&idc=useast5&from=2378011839
Edith Moissanite Ring S925 0.5/1.0 CT - Oval Cut - Lore Jewelry,D (Colorless stone),,Sterling Silver 925,Moissanite,Moissanite,Moissanite,,Weight: +-2gr,Adjustable,0.5/1.0 CT,"0.5 : $65.00
1.0 : $85.00",https://vm.tiktok.com/ZP9jhg3fxtKEP-U0jJL/,https://p16-oec-general-useast5.ttcdn-us.com/tos-useast5-i-omjb5zjo8w-tx/f73d3378cb0a421f99285d93837fe087~tplv-fhlh96nyum-crop-webp:800:800.webp?dr=12190&t=555f072d&ps=933b5bde&shp=8dbd94bf&shcp=607f11de&idc=useast5&from=2378011839
"New Emery Silver Moissanite Ring S925 0.5 CT - Round Cut - Lore Jewelry",D (Colorless stone),,Sterling Silver 925,Moissanite,Moissanite,Moissanite,,Weight: +-2gr,Adjustable,0.5 CT,-49% $38.00 $75.00,https://vm.tiktok.com/ZP9jhgwEXQJx4-G8rBB/,https://p16-oec-general-useast5.ttcdn-us.com/tos-useast5-i-omjb5zjo8w-tx/cb3a0fd218e04722a2fc2a5c4f48e390~tplv-fhlh96nyum-crop-webp:1024:1024.webp?dr=12190&t=555f072d&ps=933b5bde&shp=8dbd94bf&shcp=607f11de&idc=useast5&from=2378011839
Hailee Moissanite Ring S925 0.5/1.0/2.0 CT - Oval Cut - Lore Jewelry,D (Colorless stone),,Sterling Silver 925,Moissanite,Moissanite,Moissanite,,Weight: +-2gr,,0.5/1.0/2.0 CT,"0.5 : $65.00
1.0 : $85.00
2.0 : 125.00",https://vm.tiktok.com/ZP9jhgKGqaGGV-bMYca/,https://p16-oec-general-useast5.ttcdn-us.com/tos-useast5-i-omjb5zjo8w-tx/3d6b3f2b36414731ae4b234677802c2c~tplv-fhlh96nyum-crop-webp:1024:1024.webp?dr=12190&t=555f072d&ps=933b5bde&shp=8dbd94bf&shcp=607f11de&idc=useast5&from=2378011839
"Wavy Luxury Moissanite Ring 1.0 CT - Round Cut - Lore Jewelry",D (Colorless stone),,Sterling Silver 925,Moissanite,Moissanite,Moissanite,,Weight: +-2gr,"7,5 & 9",1.0 CT,$65.00,https://vm.tiktok.com/ZP9jhgoQD2mL1-tBQ7W/,https://p16-oec-general-useast5.ttcdn-us.com/tos-useast5-i-omjb5zjo8w-tx/5d987c0e91934b01b569401bdb6fcd05~tplv-fhlh96nyum-crop-webp:800:800.webp?dr=12190&t=555f072d&ps=933b5bde&shp=8dbd94bf&shcp=607f11de&idc=useast5&from=2378011839
"Quinn Wave Halo Moissanite Ring S925 1.0 /2.0 CT - Round Cut - Lore Jewelry",D (Colorless stone),,Sterling Silver 925,Moissanite,Moissanite,Moissanite,,"Weight: +- 2gr
Volume: +- 2cm x 2cm x 2cm",4 - 6 & Adjustable,1.0 /2.0 CT,"1.0 : $90.00
2.0 : $118.00",https://vm.tiktok.com/ZP9jhpJGoH2Lb-9cfuY/,https://p16-oec-general-useast5.ttcdn-us.com/tos-useast5-i-omjb5zjo8w-tx/5f64628546ff4191999dac4be3bd863d~tplv-fhlh96nyum-crop-webp:1024:1024.webp?dr=12190&t=555f072d&ps=933b5bde&shp=8dbd94bf&shcp=607f11de&idc=useast5&from=2378011839
"Star Queen Moissanite Ring S925 2.0 CT - Round Cut - Lore Jewelry",D (Colorless stone),,Sterling Silver 925,Moissanite,Moissanite,Moissanite,,Weight: +-2gr,"7,8,9",2.0 CT,$91.00,https://vm.tiktok.com/ZP9jhpdggBbLc-boJla/,https://p16-oec-general-useast5.ttcdn-us.com/tos-useast5-i-omjb5zjo8w-tx/f853f50e922745efad8baeb22d284193~tplv-fhlh96nyum-crop-webp:800:800.webp?dr=12190&t=555f072d&ps=933b5bde&shp=8dbd94bf&shcp=607f11de&idc=useast5&from=2378011839
"Eden Flower Moissanite S925 1.0/2.0/3.0 CT - Round Cut - Lore Jewelry",D (Colorless stone),,Sterling Silver 925,Moissanite,Moissanite,Moissanite,,"Weight: +- 2gr
Volume: +- 2cm x 2cm x 2cm",Adjustable,1.0/2.0/3.0 CT,"1.0 : $78.00
2.0 : $111.00
3.0 : $145.00",https://vm.tiktok.com/ZP9jhpLjWk4s1-nPqHb/,https://p16-oec-general-useast5.ttcdn-us.com/tos-useast5-i-omjb5zjo8w-tx/8dbced01f29640fca56cb247ba2aff2c~tplv-fhlh96nyum-crop-webp:1024:1024.webp?dr=12190&t=555f072d&ps=933b5bde&shp=8dbd94bf&shcp=607f11de&idc=useast5&from=2378011839
"Simply Elegant Moissanite Ring S925 2.0 CT - Round Cut - Lore Jewelry",D (Colorless stone),,Sterling Silver 925,Moissanite,Moissanite,Moissanite,,Weight: +-2gr,"6,7,8",2.0 CT,$90.00,https://vm.tiktok.com/ZP9jhp22mm374-OEsTe/,https://p16-oec-general-useast5.ttcdn-us.com/tos-useast5-i-omjb5zjo8w-tx/6a19cc9f1d134d57ad1fc275bce24a02~tplv-fhlh96nyum-crop-webp:1024:1024.webp?dr=12190&t=555f072d&ps=933b5bde&shp=8dbd94bf&shcp=607f11de&idc=useast5&from=2378011839