Product name,Color Grade,Color,Material,Gemstone Style,Main Stone,Side Stone,Plating,Chain Length ,Product Dimention,Size,Carat weight,Price(USD),Website Link,Image Link
"Pamela Green Emerald Stud Moissanite Earrings S925 1.0 CT - Asscher Cut - Lore Jewelry",D (Colorless stone),,Sterling Silver 925,Synthetic Emerald,Emerald,Moissanite,,,"Weight: +- 2gr
Volume: +- 2cm x 2cm x 2cm",,1.0 CT,-54% $111.00 $240.00,https://vm.tiktok.com/ZP9jhbj63x2Me-DmanJ/,https://p16-oec-general-useast5.ttcdn-us.com/tos-useast5-i-omjb5zjo8w-tx/2f6800e50681422aaf5155aace34b4ec~tplv-fhlh96nyum-crop-webp:1024:1024.webp?dr=12190&t=555f072d&ps=933b5bde&shp=8dbd94bf&shcp=607f11de&idc=useast8&from=2378011839
"Ginela Oval Green Emerald Moissanite Necklace S925 1.0 CT - Oval Cut - Lore Jewelry
",D (Colorless stone),,Sterling Silver 925,Synthetic Emerald,Emerald,Cubic Zirconia,,18.5 inch,,,1.0 CT,-52%  $58.00 $120.00,https://vm.tiktok.com/ZP9jhbhSJBSrg-r2F1V/,https://p16-oec-general-useast5.ttcdn-us.com/tos-useast5-i-omjb5zjo8w-tx/bfcaa1b3323f4abb8a9c715ef22cd1b6~tplv-fhlh96nyum-resize-webp:800:800.webp?dr=12190&t=555f072d&ps=933b5bde&shp=8dbd94bf&shcp=607f11de&idc=useast8&from=2378011839
"Pamela Green Emerald Moissanite Necklace S925 1.25 CT - Asscher Cut - Lore Jewelry
",D (Colorless stone),,D (Colorless stone),Synthetic Emerald,Emerald,Moissanite,,18.5 inch,"Weight: +- 4gr
Volume: +- 18.5inch x 0.8inch x 0.8inch",,1.25 CT,-53% $98.00 $210.00,https://vm.tiktok.com/ZP9jhbBcCVPYg-IT2sS/,https://p16-oec-general-useast5.ttcdn-us.com/tos-useast5-i-omjb5zjo8w-tx/eb16d7613b994ba6a3fd316b0e3fd9b2~tplv-fhlh96nyum-resize-webp:800:800.webp?dr=12190&t=555f072d&ps=933b5bde&shp=8dbd94bf&shcp=607f11de&idc=useast8&from=2378011839
,,,,,,,,,,,,,,
,,,,,,,,,,,,,,
,,,,,,,,,,,,,,
,,,,,z,,,,,,,,,